2015.03.04 22:00:00.233,1.10774,1.10799,3.37,2.25
2015.03.04 22:00:01.462,1.10773,1.10799,0.75,2.25
2015.03.04 22:00:02.155,1.10768,1.10799,0.37,1.50
2015.03.04 22:00:04.868,1.10773,1.10799,0.37,1.50
2015.03.04 22:00:05.376,1.10773,1.108,0.37,0.75
2015.03.04 22:00:08.585,1.10773,1.10799,0.37,0.75
2015.03.04 22:00:10.143,1.10769,1.10799,2.25,0.75
2015.03.04 22:00:10.655,1.10769,1.10798,1.50,0.75
2015.03.04 22:00:12.432,1.10769,1.10799,1.50,1.50
2015.03.04 22:00:13.556,1.10773,1.10799,0.37,0.75
2015.03.04 22:00:24.908,1.10768,1.10799,0.37,2.25
2015.03.04 22:00:30.889,1.10768,1.10791,0.37,0.75
2015.03.04 22:00:52.084,1.10767,1.10791,1.12,0.75
2015.03.04 22:00:52.632,1.10769,1.10791,0.75,0.75
2015.03.04 22:01:29.339,1.10763,1.10791,0.75,0.75
2015.03.04 22:01:29.390,1.10763,1.10789,0.75,0.75
2015.03.04 22:01:29.440,1.10761,1.10789,3.37,0.75
2015.03.04 22:01:29.883,1.10765,1.10787,0.75,0.75
2015.03.04 22:01:31.194,1.10762,1.10787,0.75,0.75
2015.03.04 22:01:31.656,1.10775,1.10787,0.37,0.75
2015.03.04 22:01:31.884,1.10777,1.1079,0.75,1.50
2015.03.04 22:01:31.935,1.10777,1.10788,0.75,0.75
2015.03.04 22:01:49.117,1.10771,1.10776,0.60,0.75
2015.03.04 22:01:49.167,1.10769,1.10776,0.75,0.75
2015.03.04 22:01:49.218,1.10772,1.10781,0.75,0.75
2015.03.04 22:01:49.269,1.10772,1.10777,0.75,0.75
2015.03.04 22:01:49.319,1.10764,1.10777,0.82,0.75
2015.03.04 22:01:49.371,1.10764,1.10783,0.75,0.10
2015.03.04 22:01:49.486,1.10764,1.10785,1.50,0.75
2015.03.04 22:01:54.827,1.10764,1.1078,1.50,0.75
2015.03.04 22:01:55.416,1.10765,1.1078,0.75,0.75
2015.03.04 22:02:39.679,1.10765,1.10775,0.75,0.75
2015.03.04 22:02:39.730,1.1076,1.10774,0.75,0.75
2015.03.04 22:02:39.780,1.1076,1.10772,0.75,0.75
2015.03.04 22:02:39.881,1.10754,1.10773,0.67,0.75
2015.03.04 22:02:39.932,1.10754,1.10775,0.67,0.75
2015.03.04 22:02:39.986,1.10754,1.10779,0.67,0.75
2015.03.04 22:02:44.786,1.10754,1.1078,0.67,0.75
2015.03.04 22:02:50.884,1.10753,1.1078,1.35,0.75
2015.03.04 22:02:51.419,1.10754,1.1078,1.35,0.75
2015.03.04 22:02:53.149,1.10758,1.10774,0.75,0.75
2015.03.04 22:02:58.498,1.10774,1.10777,0.75,0.37
2015.03.04 22:02:58.548,1.10777,1.10783,0.75,0.75
2015.03.04 22:02:58.599,1.10777,1.10785,0.75,0.10
2015.03.04 22:02:58.700,1.10777,1.10788,0.75,0.75
2015.03.04 22:03:16.931,1.10776,1.10789,2.25,0.75
2015.03.04 22:03:20.737,1.10776,1.1079,2.25,0.75
2015.03.04 22:03:29.352,1.10776,1.10789,0.75,0.75
2015.03.04 22:03:38.755,1.10783,1.10789,0.75,0.75
2015.03.04 22:03:50.523,1.10783,1.1079,0.75,2.25
2015.03.04 22:04:08.901,1.10783,1.10791,1.12,1.00
2015.03.04 22:04:36.237,1.10783,1.10791,1.00,1.00
2015.03.04 22:04:36.389,1.10789,1.108,1.37,1.37
2015.03.04 22:04:36.491,1.10793,1.108,1.00,1.00
2015.03.04 22:04:36.650,1.10793,1.10798,1.00,1.00
2015.03.04 22:04:37.314,1.10793,1.10798,1.37,1.00
2015.03.04 22:04:41.957,1.10793,1.10798,1.00,1.00
2015.03.04 22:04:42.261,1.10792,1.10796,1.00,1.00
2015.03.04 22:04:42.363,1.10788,1.10796,1.00,1.00
2015.03.04 22:05:00.042,1.10789,1.10796,1.00,1.00
2015.03.04 22:05:10.511,1.10791,1.10796,1.00,1.00
2015.03.04 22:05:11.025,1.10791,1.10797,1.00,1.37
2015.03.04 22:05:14.400,1.10791,1.10796,1.00,1.12
2015.03.04 22:05:15.096,1.10791,1.10796,1.00,1.37
2015.03.04 22:05:18.677,1.10791,1.10794,1.00,1.00
2015.03.04 22:05:20.470,1.10791,1.10796,1.00,1.87
2015.03.04 22:05:20.623,1.10788,1.10796,1.00,1.50
2015.03.04 22:05:41.960,1.10788,1.10797,1.00,2.25
2015.03.04 22:05:52.939,1.10788,1.10796,1.00,1.00
2015.03.04 22:05:59.746,1.10788,1.10794,1.00,1.50
2015.03.04 22:06:00.956,1.10788,1.10795,1.00,1.50
2015.03.04 22:06:03.623,1.10783,1.10795,2.81,1.50
2015.03.04 22:06:03.826,1.10796,1.10805,1.25,1.12
2015.03.04 22:06:03.977,1.10801,1.10805,1.00,1.00
2015.03.04 22:06:06.809,1.108,1.10805,1.00,3.56
2015.03.04 22:06:07.328,1.10801,1.10805,1.00,2.62
2015.03.04 22:06:07.991,1.10801,1.10804,1.00,1.00
2015.03.04 22:06:09.248,1.10801,1.10805,1.00,1.00
2015.03.04 22:06:09.954,1.10801,1.10804,1.00,1.25
2015.03.04 22:06:11.851,1.10801,1.10805,1.00,3.19
2015.03.04 22:06:14.060,1.10801,1.10804,1.00,1.25
2015.03.04 22:06:14.436,1.108,1.10804,1.00,1.19
2015.03.04 22:06:15.923,1.108,1.10804,1.00,1.19
2015.03.04 22:06:23.225,1.10801,1.10804,1.00,1.25
2015.03.04 22:06:29.937,1.10799,1.10804,1.00,1.25
2015.03.04 22:06:30.190,1.10799,1.10802,1.00,1.00
2015.03.04 22:06:33.351,1.10797,1.10802,1.19,1.00
2015.03.04 22:06:33.452,1.10799,1.10805,1.00,2.25
2015.03.04 22:06:33.503,1.10802,1.10809,1.00,1.50
2015.03.04 22:06:34.349,1.10802,1.1081,1.50,3.56
2015.03.04 22:06:34.653,1.108,1.1081,4.12,2.81
2015.03.04 22:06:35.057,1.10801,1.10809,1.00,1.19
2015.03.04 22:06:36.088,1.10804,1.10808,1.00,1.50
2015.03.04 22:06:39.599,1.10803,1.10808,1.00,1.69
2015.03.04 22:06:40.108,1.10803,1.10808,1.00,1.69
2015.03.04 22:06:47.102,1.10803,1.10806,1.00,1.25
2015.03.04 22:06:49.279,1.10804,1.10808,1.00,1.00
2015.03.04 22:06:49.380,1.10805,1.10809,2.06,1.00
2015.03.04 22:06:49.683,1.10812,1.10815,1.00,1.25
2015.03.04 22:06:53.889,1.10811,1.10815,1.00,1.36
2015.03.04 22:06:54.448,1.10806,1.10815,1.25,1.44
2015.03.04 22:06:54.988,1.10806,1.10815,1.00,1.44
2015.03.04 22:06:58.403,1.10806,1.10813,1.00,2.81
2015.03.04 22:06:58.454,1.10806,1.10809,1.00,1.50
2015.03.04 22:07:03.855,1.108,1.10806,1.87,1.00
2015.03.04 22:07:04.009,1.10799,1.10802,1.00,1.50
2015.03.04 22:07:04.113,1.10794,1.10801,1.00,1.00
2015.03.04 22:07:04.164,1.10792,1.10801,1.00,1.00
2015.03.04 22:07:04.265,1.1079,1.10799,1.12,1.00
2015.03.04 22:07:04.568,1.10789,1.10797,1.50,1.00
2015.03.04 22:07:11.245,1.10795,1.10797,1.00,1.25
2015.03.04 22:07:11.447,1.10801,1.10805,1.00,2.44
2015.03.04 22:07:11.650,1.10802,1.10808,1.00,1.69
2015.03.04 22:07:14.049,1.10802,1.10808,1.00,1.69
2015.03.04 22:07:14.667,1.10802,1.10808,1.00,2.06
2015.03.04 22:07:14.718,1.108,1.10806,1.00,1.69
2015.03.04 22:07:14.769,1.108,1.10802,1.00,1.00
2015.03.04 22:07:14.820,1.10795,1.10802,1.00,2.25
2015.03.04 22:07:14.872,1.10795,1.10798,1.00,1.00
2015.03.04 22:07:14.923,1.10791,1.10798,1.00,1.50
2015.03.04 22:07:15.024,1.10789,1.10798,1.50,1.50
2015.03.04 22:07:16.164,1.10793,1.10798,1.00,1.50
2015.03.04 22:07:16.467,1.10793,1.10796,1.00,1.50
2015.03.04 22:07:16.929,1.10796,1.108,1.00,1.37
2015.03.04 22:07:16.980,1.10805,1.10812,3.00,1.87
2015.03.04 22:07:17.031,1.10804,1.10812,1.37,2.14
2015.03.04 22:07:17.133,1.10801,1.10808,1.00,1.50
2015.03.04 22:07:17.184,1.10801,1.10805,1.00,1.00
2015.03.04 22:07:21.546,1.108,1.10805,1.00,1.50
2015.03.04 22:07:38.442,1.10804,1.10805,1.00,1.50
2015.03.04 22:07:38.544,1.10804,1.10809,1.00,1.50
2015.03.04 22:07:39.078,1.10805,1.10809,1.00,1.50
2015.03.04 22:07:48.440,1.10805,1.10809,1.37,1.50
2015.03.04 22:07:49.622,1.10806,1.1081,1.12,1.95
2015.03.04 22:07:55.821,1.10808,1.1081,1.00,1.50
2015.03.04 22:07:56.027,1.10808,1.10812,1.12,1.50
2015.03.04 22:08:02.851,1.10808,1.1081,1.00,1.50
2015.03.04 22:08:03.003,1.10805,1.1081,1.50,3.00
2015.03.04 22:08:03.585,1.10805,1.1081,1.00,3.94
2015.03.04 22:08:05.721,1.10807,1.1081,1.00,4.50
2015.03.04 22:08:05.874,1.10809,1.10813,1.00,1.42
2015.03.04 22:08:05.925,1.10809,1.10815,1.37,3.13
2015.03.04 22:08:05.976,1.10813,1.10815,1.00,2.62
2015.03.04 22:08:07.283,1.1081,1.10814,1.12,1.00
2015.03.04 22:08:07.486,1.1081,1.10812,1.00,2.25
2015.03.04 22:08:07.537,1.10808,1.10812,1.00,2.25
2015.03.04 22:08:07.689,1.10807,1.1081,1.00,1.00
2015.03.04 22:08:10.138,1.10807,1.10809,1.00,2.25
2015.03.04 22:08:10.239,1.10805,1.10809,1.12,2.25
2015.03.04 22:08:13.427,1.10806,1.10809,1.00,2.25
2015.03.04 22:08:14.051,1.10805,1.10809,3.37,2.25
2015.03.04 22:08:14.584,1.10806,1.10809,1.00,2.25
2015.03.04 22:08:15.834,1.10805,1.10809,3.37,2.25
2015.03.04 22:08:16.496,1.10806,1.10809,1.00,2.25
2015.03.04 22:08:17.572,1.10805,1.10809,3.37,2.25
2015.03.04 22:08:18.181,1.10806,1.10809,1.00,2.25
2015.03.04 22:08:18.535,1.10804,1.10809,1.69,2.25
2015.03.04 22:08:26.169,1.10804,1.10812,2.62,1.50
2015.03.04 22:08:26.270,1.10809,1.10812,1.00,1.50
2015.03.04 22:08:47.018,1.10809,1.10813,1.00,1.00
2015.03.04 22:08:50.279,1.10811,1.10813,1.00,1.00
2015.03.04 22:08:50.829,1.10811,1.10814,1.00,1.00
2015.03.04 22:09:00.295,1.10811,1.10815,1.00,1.63
2015.03.04 22:09:00.915,1.10811,1.10814,1.00,1.00
2015.03.04 22:09:04.947,1.10811,1.10815,1.00,2.75
2015.03.04 22:09:05.499,1.10811,1.10814,1.00,1.50
2015.03.04 22:09:47.261,1.10811,1.10815,1.00,2.75
2015.03.04 22:09:49.230,1.10806,1.10815,3.94,2.75
2015.03.04 22:09:49.281,1.10806,1.10812,3.00,1.25
2015.03.04 22:09:49.588,1.10806,1.1081,1.00,1.12
2015.03.04 22:09:49.932,1.10807,1.10811,1.19,1.00
2015.03.04 22:09:50.033,1.10811,1.10815,1.00,1.02
2015.03.04 22:09:50.554,1.1081,1.10816,1.00,2.19
2015.03.04 22:10:03.766,1.10811,1.10818,1.00,3.31
2015.03.04 22:10:41.874,1.10809,1.10812,1.91,1.50
2015.03.04 22:10:41.976,1.1081,1.10816,1.12,3.61
2015.03.04 22:10:42.478,1.10811,1.10819,1.00,1.99
2015.03.04 22:11:11.624,1.10811,1.10815,1.00,1.12
2015.03.04 22:11:18.312,1.10811,1.10815,1.19,1.18
2015.03.04 22:11:21.142,1.10811,1.10815,1.25,1.12
2015.03.04 22:11:24.425,1.10811,1.10816,1.00,1.18
2015.03.04 22:11:25.592,1.10811,1.10815,1.00,1.12
2015.03.04 22:11:26.311,1.10811,1.10816,1.00,1.18
2015.03.04 22:11:27.139,1.10811,1.10815,1.00,1.12
2015.03.04 22:11:28.452,1.10811,1.10816,1.00,1.18
2015.03.04 22:11:29.229,1.10811,1.10815,1.00,1.12
2015.03.04 22:11:33.276,1.10811,1.10816,1.00,1.18
2015.03.04 22:11:34.328,1.10811,1.10815,1.00,1.12
2015.03.04 22:11:36.310,1.10811,1.10816,1.00,1.18
2015.03.04 22:11:36.839,1.10811,1.10815,1.00,1.12
2015.03.04 22:11:44.797,1.10811,1.10815,1.19,1.12
2015.03.04 22:11:46.319,1.10811,1.10816,1.19,1.18
2015.03.04 22:11:46.840,1.10811,1.10815,1.19,1.12
2015.03.04 22:11:48.645,1.10811,1.10816,1.19,1.18
2015.03.04 22:11:49.855,1.10811,1.10815,1.19,1.12
2015.03.04 22:11:51.101,1.10811,1.10815,1.00,1.12
2015.03.04 22:11:54.445,1.10811,1.10816,1.25,1.18
2015.03.04 22:11:55.111,1.10811,1.10815,1.25,1.12
2015.03.04 22:12:03.112,1.10809,1.10815,2.10,1.12
2015.03.04 22:12:04.127,1.1081,1.10816,1.25,1.18
2015.03.04 22:12:04.662,1.1081,1.10815,1.25,1.12
2015.03.04 22:12:07.114,1.1081,1.10818,2.81,1.74
2015.03.04 22:12:07.279,1.10811,1.10818,2.00,1.25
2015.03.04 22:12:07.380,1.10819,1.10822,1.12,3.82
2015.03.04 22:12:07.431,1.1082,1.10829,1.19,2.81
2015.03.04 22:12:07.482,1.1082,1.10829,1.31,1.25
2015.03.04 22:12:07.633,1.10823,1.1083,1.19,1.87
2015.03.04 22:12:09.495,1.10822,1.1083,1.00,4.50
2015.03.04 22:12:09.546,1.10822,1.10827,1.00,1.00
2015.03.04 22:12:09.749,1.10818,1.10825,1.50,1.50
2015.03.04 22:12:15.310,1.10818,1.10827,1.25,2.25
2015.03.04 22:12:15.562,1.1082,1.10827,1.00,1.50
2015.03.04 22:12:15.765,1.10824,1.10832,1.00,1.50
2015.03.04 22:12:15.815,1.10826,1.10834,1.00,1.00
2015.03.04 22:12:15.866,1.10826,1.10836,1.00,1.00
2015.03.04 22:12:17.250,1.10825,1.10836,1.25,1.00
2015.03.04 22:12:18.305,1.10824,1.10832,1.00,1.00
2015.03.04 22:12:18.615,1.10819,1.10827,1.69,1.00
2015.03.04 22:12:21.162,1.10834,1.1084,1.00,2.06
2015.03.04 22:12:22.934,1.10834,1.10839,1.00,1.00
2015.03.04 22:12:23.248,1.10831,1.10839,1.25,1.50
2015.03.04 22:12:23.399,1.10831,1.10835,1.00,1.00
2015.03.04 22:12:23.501,1.10828,1.10834,2.25,1.00
2015.03.04 22:12:24.157,1.10828,1.10835,1.00,4.12
2015.03.04 22:12:24.701,1.10828,1.10834,1.00,1.50
2015.03.04 22:12:26.134,1.1083,1.10834,1.00,2.25
2015.03.04 22:12:26.339,1.10832,1.10838,1.00,1.12
2015.03.04 22:12:27.048,1.10832,1.10835,1.00,1.00
2015.03.04 22:12:27.402,1.10829,1.10835,1.25,1.50
2015.03.04 22:12:27.453,1.10831,1.10835,1.00,1.00
2015.03.04 22:12:27.605,1.10828,1.10834,1.00,1.00
2015.03.04 22:12:27.656,1.1083,1.10834,1.00,1.00
2015.03.04 22:12:27.809,1.10833,1.10838,1.00,1.00
2015.03.04 22:12:27.860,1.10833,1.10836,1.00,1.00
2015.03.04 22:12:28.013,1.10831,1.10835,1.00,1.50
2015.03.04 22:12:28.115,1.10834,1.10839,1.00,1.00
2015.03.04 22:12:29.026,1.10834,1.10839,1.00,1.37
2015.03.04 22:12:29.078,1.10831,1.10835,1.00,1.00
2015.03.04 22:12:29.179,1.10828,1.10835,2.06,2.25
2015.03.04 22:12:29.533,1.10826,1.10834,1.69,1.00
2015.03.04 22:12:30.072,1.10829,1.10834,1.00,1.50
2015.03.04 22:12:30.174,1.10829,1.10837,1.00,2.81
2015.03.04 22:12:30.722,1.10829,1.10837,1.37,2.06
2015.03.04 22:12:31.232,1.10829,1.10837,1.62,2.06
2015.03.04 22:12:31.822,1.10829,1.10837,1.31,2.06
2015.03.04 22:12:32.327,1.10829,1.10837,2.06,1.25
2015.03.04 22:12:32.902,1.10829,1.10837,1.25,1.25
2015.03.04 22:12:40.071,1.10829,1.10836,1.25,1.00
2015.03.04 22:12:42.978,1.10829,1.10837,1.00,1.31
2015.03.04 22:12:43.479,1.10829,1.10836,1.00,1.50
2015.03.04 22:12:45.362,1.1083,1.10836,1.00,1.50
2015.03.04 22:12:45.882,1.10829,1.10836,1.25,1.50
2015.03.04 22:12:46.553,1.10829,1.10835,1.00,1.50
2015.03.04 22:12:50.200,1.10828,1.10835,1.25,1.50
2015.03.04 22:12:52.058,1.10827,1.10835,1.50,1.87
2015.03.04 22:12:55.095,1.10827,1.10834,1.50,1.19
2015.03.04 22:12:56.165,1.10827,1.10835,1.69,2.06
2015.03.04 22:12:57.385,1.10827,1.10835,1.69,2.62
2015.03.04 22:13:02.999,1.10827,1.10835,1.50,1.00
2015.03.04 22:13:03.541,1.10827,1.10834,1.50,1.69
2015.03.04 22:13:04.048,1.10826,1.10834,1.00,1.69
2015.03.04 22:13:05.230,1.10826,1.10834,1.00,1.50
2015.03.04 22:13:05.282,1.10828,1.10835,1.00,3.00
2015.03.04 22:13:05.585,1.10826,1.10833,1.00,1.00
2015.03.04 22:13:06.275,1.10826,1.10834,1.00,1.69
2015.03.04 22:13:07.628,1.10826,1.10833,1.00,1.00
2015.03.04 22:13:08.163,1.10826,1.10834,1.00,3.19
2015.03.04 22:13:10.792,1.10826,1.10833,1.00,1.00
2015.03.04 22:13:11.215,1.10823,1.10832,1.69,1.50
2015.03.04 22:13:20.009,1.10824,1.10832,1.00,1.25
2015.03.04 22:13:27.313,1.10823,1.10832,1.50,1.25
2015.03.04 22:13:35.191,1.10823,1.10832,1.00,1.19
2015.03.04 22:13:36.345,1.10823,1.10832,1.00,1.25
2015.03.04 22:13:43.134,1.10823,1.10832,1.25,1.19
2015.03.04 22:13:44.357,1.10823,1.10832,1.00,1.00
2015.03.04 22:13:47.455,1.10823,1.10832,1.25,1.19
2015.03.04 22:14:01.172,1.10823,1.10832,1.00,1.00
2015.03.04 22:14:09.210,1.10822,1.10832,2.81,1.69
2015.03.04 22:14:17.404,1.10822,1.10832,2.06,1.69
2015.03.04 22:14:17.734,1.10822,1.10831,2.44,2.06
2015.03.04 22:14:19.919,1.10822,1.10831,2.44,2.06
2015.03.04 22:14:23.186,1.10822,1.10832,1.87,1.69
2015.03.04 22:14:25.938,1.10822,1.10831,2.06,2.06
2015.03.04 22:14:26.040,1.1082,1.10829,1.69,2.06
2015.03.04 22:14:26.141,1.10823,1.10825,1.00,1.12
2015.03.04 22:14:26.243,1.10824,1.10831,1.00,2.25
2015.03.04 22:14:26.819,1.10824,1.10833,1.00,1.69
2015.03.04 22:14:29.236,1.10824,1.10833,1.00,1.69
2015.03.04 22:14:36.233,1.10824,1.10833,1.00,1.69
2015.03.04 22:14:40.224,1.10824,1.10833,1.00,1.69
2015.03.04 22:14:44.664,1.10824,1.10833,1.00,1.69
2015.03.04 22:14:48.821,1.10824,1.10833,1.00,1.69
2015.03.04 22:14:51.627,1.10824,1.10833,1.00,1.69
2015.03.04 22:14:55.152,1.10824,1.10833,1.00,1.69
2015.03.04 22:15:00.276,1.10824,1.10833,1.00,1.69
2015.03.04 22:15:00.791,1.10823,1.10833,1.00,1.69
2015.03.04 22:15:01.100,1.10823,1.10832,1.00,1.19
2015.03.04 22:15:01.608,1.10823,1.10831,1.00,1.69
2015.03.04 22:15:02.370,1.10823,1.10831,1.00,1.69
2015.03.04 22:15:03.391,1.10821,1.10831,1.00,1.69
2015.03.04 22:15:03.785,1.10814,1.10824,1.50,1.69
2015.03.04 22:15:04.751,1.10814,1.10824,1.50,1.69
2015.03.04 22:15:05.779,1.10814,1.10824,1.87,1.69
2015.03.04 22:15:06.691,1.10814,1.10823,1.87,1.25
2015.03.04 22:15:07.428,1.10814,1.10822,1.12,1.19
2015.03.04 22:15:10.778,1.10813,1.10823,2.25,1.69
2015.03.04 22:15:12.292,1.10818,1.10824,1.00,1.69
2015.03.04 22:15:12.444,1.10814,1.10822,1.00,1.69
2015.03.04 22:15:17.680,1.10814,1.10822,1.00,1.69
2015.03.04 22:15:18.808,1.10814,1.10822,1.00,1.69
2015.03.04 22:15:19.879,1.10814,1.10822,1.00,1.50
2015.03.04 22:15:20.030,1.10817,1.10824,1.00,1.19
2015.03.04 22:15:21.440,1.10817,1.10824,1.00,1.25
2015.03.04 22:15:22.327,1.10817,1.10824,1.00,1.19
2015.03.04 22:15:26.894,1.10817,1.10824,1.00,1.00
2015.03.04 22:15:27.503,1.10817,1.10824,1.00,1.19
2015.03.04 22:15:28.290,1.10817,1.10824,1.00,1.25
2015.03.04 22:15:31.904,1.10817,1.10825,1.00,1.69
2015.03.04 22:15:32.481,1.10817,1.10825,1.00,1.69
2015.03.04 22:15:33.994,1.10817,1.10825,1.00,1.69
2015.03.04 22:15:35.709,1.10817,1.10825,1.00,1.69
2015.03.04 22:15:36.038,1.10817,1.10825,1.00,1.69
2015.03.04 22:15:38.050,1.10815,1.10824,1.00,1.69
2015.03.04 22:15:38.101,1.10814,1.10824,1.00,2.44
2015.03.04 22:15:38.629,1.10813,1.10822,1.00,1.69
2015.03.04 22:15:40.121,1.10813,1.10822,1.00,2.44
2015.03.04 22:15:41.547,1.10813,1.10822,1.00,2.44
2015.03.04 22:15:42.101,1.10813,1.10822,1.00,2.44
2015.03.04 22:15:42.618,1.10812,1.10821,1.12,1.19
2015.03.04 22:15:43.126,1.10813,1.10821,1.00,1.31
2015.03.04 22:15:46.061,1.10813,1.1082,1.00,1.25
2015.03.04 22:15:46.993,1.10813,1.1082,1.00,1.69
2015.03.04 22:15:47.301,1.10811,1.10819,1.37,2.44
2015.03.04 22:15:48.060,1.10811,1.10819,1.00,2.44
2015.03.04 22:15:50.149,1.10811,1.10819,1.00,3.94
2015.03.04 22:15:51.454,1.10811,1.10819,1.00,3.19
2015.03.04 22:15:51.996,1.10812,1.10819,1.00,1.69
2015.03.04 22:15:54.002,1.10812,1.10821,1.00,4.69
2015.03.04 22:15:57.686,1.10812,1.10821,1.00,4.69
2015.03.04 22:15:59.712,1.10812,1.1082,1.00,2.06
2015.03.04 22:16:07.973,1.10812,1.10819,1.00,1.25
2015.03.04 22:16:11.490,1.10812,1.1082,1.00,5.06
2015.03.04 22:16:12.099,1.10812,1.10819,1.00,1.25
2015.03.04 22:16:14.182,1.10812,1.1082,1.00,5.06
2015.03.04 22:16:22.209,1.10812,1.1082,1.00,5.06
2015.03.04 22:16:24.244,1.10812,1.1082,1.00,5.06
2015.03.04 22:16:27.099,1.10812,1.1082,1.00,5.06
2015.03.04 22:16:27.928,1.10812,1.1082,1.00,2.81
2015.03.04 22:16:28.029,1.10812,1.1082,1.00,5.06
2015.03.04 22:16:33.441,1.10812,1.1082,1.00,5.06
2015.03.04 22:16:35.652,1.10812,1.1082,1.00,4.31
2015.03.04 22:16:37.213,1.10812,1.1082,1.00,5.06
2015.03.04 22:16:37.744,1.10812,1.1082,1.19,5.06
2015.03.04 22:16:43.148,1.10812,1.1082,1.25,5.06
2015.03.04 22:16:47.227,1.10812,1.1082,1.00,5.06
2015.03.04 22:16:49.498,1.10812,1.1082,1.00,5.06
2015.03.04 22:16:51.076,1.10812,1.1082,1.25,1.25
2015.03.04 22:16:51.609,1.10813,1.1082,1.00,1.31
2015.03.04 22:16:53.666,1.10813,1.10821,1.69,1.31
2015.03.04 22:16:56.162,1.10813,1.10821,1.69,1.31
2015.03.04 22:17:12.751,1.10813,1.10821,1.50,1.87
2015.03.04 22:17:14.265,1.10813,1.10821,1.00,1.50
2015.03.04 22:17:15.109,1.10813,1.10821,1.00,1.12
2015.03.04 22:17:20.064,1.10813,1.10821,1.50,2.25
2015.03.04 22:17:20.573,1.10813,1.10821,1.69,1.50
2015.03.04 22:17:21.097,1.10813,1.10821,1.69,1.50
2015.03.04 22:17:21.892,1.10813,1.10821,1.69,1.50
2015.03.04 22:17:23.898,1.10813,1.10821,1.69,1.12
2015.03.04 22:17:29.088,1.10813,1.10821,1.50,1.12
2015.03.04 22:17:41.507,1.10813,1.10821,1.69,1.31
2015.03.04 22:17:42.071,1.10813,1.10821,1.69,1.31
2015.03.04 22:17:44.411,1.10813,1.10822,1.19,4.31
2015.03.04 22:17:45.506,1.10813,1.10822,1.00,4.69
2015.03.04 22:17:46.834,1.10813,1.10819,1.69,1.00
2015.03.04 22:17:46.935,1.10813,1.10816,1.50,1.00
2015.03.04 22:17:47.238,1.10806,1.1081,2.25,1.00
2015.03.04 22:17:47.340,1.10812,1.10815,1.00,1.57
2015.03.04 22:17:47.872,1.10812,1.10815,1.00,1.00
2015.03.04 22:17:47.975,1.10812,1.10817,1.00,1.57
2015.03.04 22:17:51.929,1.10812,1.10818,1.00,1.69
2015.03.04 22:17:53.242,1.10812,1.10818,1.00,2.44
2015.03.04 22:17:54.771,1.10812,1.10819,1.00,2.51
2015.03.04 22:17:57.147,1.10812,1.10819,1.00,2.51
2015.03.04 22:17:59.811,1.10812,1.10819,1.00,2.51
2015.03.04 22:18:02.786,1.10812,1.10819,1.00,2.51
2015.03.04 22:18:07.452,1.10812,1.10819,1.00,2.44
2015.03.04 22:18:08.770,1.10812,1.10819,1.00,2.44
2015.03.04 22:18:13.762,1.10812,1.10819,1.00,1.50
2015.03.04 22:18:14.280,1.10812,1.10818,1.00,1.25
2015.03.04 22:18:22.650,1.10811,1.10816,1.50,1.12
2015.03.04 22:18:22.751,1.10809,1.10816,3.19,1.12
2015.03.04 22:18:29.127,1.10811,1.10816,1.00,1.31
2015.03.04 22:18:29.828,1.10811,1.10817,1.00,2.44
2015.03.04 22:18:31.920,1.10811,1.10814,1.00,1.00
2015.03.04 22:18:32.072,1.10808,1.10812,1.00,1.00
2015.03.04 22:18:32.173,1.10806,1.10812,1.50,1.25
2015.03.04 22:18:37.547,1.10806,1.10812,1.00,1.19
2015.03.04 22:18:38.150,1.10806,1.10812,1.00,1.56
2015.03.04 22:18:39.668,1.10806,1.10812,1.00,1.56
2015.03.04 22:18:40.342,1.10806,1.10812,1.00,1.56
2015.03.04 22:18:42.172,1.10806,1.10812,1.00,1.19
2015.03.04 22:18:44.815,1.10806,1.10812,1.00,1.00
2015.03.04 22:18:50.545,1.10806,1.10812,1.00,1.19
2015.03.04 22:18:53.229,1.10806,1.10812,1.00,1.25
2015.03.04 22:18:54.133,1.10806,1.10812,1.00,1.19
2015.03.04 22:18:55.951,1.10806,1.10812,1.00,1.25
2015.03.04 22:18:57.330,1.10806,1.10812,1.00,1.19
2015.03.04 22:19:01.476,1.10806,1.10812,1.00,1.00
2015.03.04 22:19:26.814,1.10805,1.10811,1.00,1.00
2015.03.04 22:19:53.382,1.10807,1.10811,1.00,1.00
2015.03.04 22:19:55.390,1.10805,1.10811,2.25,1.00
2015.03.04 22:19:59.170,1.10805,1.10812,3.00,1.25
2015.03.04 22:20:16.563,1.10806,1.10812,1.50,1.00
2015.03.04 22:20:17.070,1.10805,1.10812,1.00,1.00
2015.03.04 22:20:28.607,1.10804,1.10811,2.44,1.00
2015.03.04 22:20:35.685,1.10804,1.10812,2.81,1.00
2015.03.04 22:20:37.011,1.10804,1.10812,1.00,1.00
2015.03.04 22:20:37.821,1.10807,1.10812,1.00,1.00
2015.03.04 22:20:38.124,1.10812,1.10815,1.00,1.12
2015.03.04 22:20:38.226,1.10812,1.10817,1.00,1.00
2015.03.04 22:20:38.730,1.10812,1.10818,1.00,1.25
2015.03.04 22:20:44.454,1.10812,1.10818,1.00,2.44
2015.03.04 22:20:46.335,1.10812,1.10818,1.00,2.25
2015.03.04 22:20:52.132,1.10812,1.10819,1.00,2.44
2015.03.04 22:20:54.711,1.10814,1.10819,1.00,1.25
2015.03.04 22:20:55.238,1.10814,1.1082,1.50,1.12
2015.03.04 22:20:56.954,1.10815,1.1082,1.00,1.12
2015.03.04 22:20:58.426,1.10814,1.1082,1.00,1.12
2015.03.04 22:20:59.022,1.10814,1.10821,1.00,2.06
2015.03.04 22:20:59.743,1.10814,1.1082,1.00,1.12
2015.03.04 22:21:00.260,1.10813,1.10819,1.00,1.25
2015.03.04 22:21:03.922,1.10817,1.1082,1.00,2.62
2015.03.04 22:21:04.351,1.10813,1.1082,1.50,3.94
2015.03.04 22:21:05.265,1.10813,1.1082,1.00,3.19
2015.03.04 22:21:11.470,1.10813,1.1082,1.00,3.94
2015.03.04 22:21:12.682,1.10813,1.1082,1.00,3.75
2015.03.04 22:21:13.287,1.10813,1.1082,1.00,3.94
2015.03.04 22:21:20.409,1.10813,1.1082,1.69,2.25
2015.03.04 22:21:21.553,1.10814,1.10821,1.00,1.69
2015.03.04 22:21:40.129,1.10814,1.10821,1.00,1.69
2015.03.04 22:21:40.909,1.10814,1.10821,1.00,1.25
2015.03.04 22:21:42.699,1.10814,1.10822,1.50,2.44
2015.03.04 22:21:43.202,1.10814,1.10821,1.50,1.50
2015.03.04 22:21:49.300,1.10814,1.10823,1.50,1.69
2015.03.04 22:21:50.308,1.10814,1.10824,3.19,5.06
2015.03.04 22:21:52.155,1.10814,1.10823,2.25,1.19
2015.03.04 22:22:02.173,1.10814,1.10824,2.25,6.37
2015.03.04 22:22:02.224,1.10814,1.10824,2.44,6.56
2015.03.04 22:22:05.671,1.10814,1.10824,2.25,5.81
2015.03.04 22:22:07.748,1.10814,1.10822,1.25,1.25
2015.03.04 22:22:15.233,1.10814,1.10822,1.00,2.81
2015.03.04 22:22:15.976,1.10813,1.1082,1.50,1.25
2015.03.04 22:22:16.842,1.10814,1.10819,1.00,1.69
2015.03.04 22:22:17.473,1.10814,1.10817,1.00,1.50
2015.03.04 22:22:17.575,1.10809,1.10815,1.00,1.00
2015.03.04 22:22:17.626,1.10807,1.10813,1.00,1.50
2015.03.04 22:22:19.431,1.10805,1.10813,1.00,1.50
2015.03.04 22:22:19.533,1.10805,1.10811,1.00,1.00
2015.03.04 22:22:20.039,1.10805,1.10812,1.00,1.50
2015.03.04 22:22:20.569,1.10805,1.10811,1.00,2.25
2015.03.04 22:22:23.937,1.10804,1.10811,2.25,1.00
2015.03.04 22:22:24.446,1.10805,1.10811,1.50,1.00
2015.03.04 22:22:24.995,1.10806,1.10812,1.50,2.44
2015.03.04 22:22:28.156,1.10807,1.10812,1.00,2.44
2015.03.04 22:22:31.393,1.10807,1.10814,1.00,3.19
2015.03.04 22:22:36.986,1.10807,1.10814,11.06,1.25
2015.03.04 22:22:38.014,1.10807,1.10815,11.06,2.62
2015.03.04 22:22:40.614,1.10807,1.10815,11.06,2.44
2015.03.04 22:22:41.702,1.10807,1.10815,11.81,2.25
2015.03.04 22:22:42.005,1.10812,1.10819,2.25,1.31
2015.03.04 22:22:43.803,1.10812,1.10819,2.44,1.31
2015.03.04 22:22:50.614,1.10813,1.10819,1.00,1.00
2015.03.04 22:22:51.161,1.10813,1.1082,2.25,1.31
2015.03.04 22:22:51.465,1.10813,1.10818,1.50,1.00
2015.03.04 22:22:53.452,1.10813,1.10819,1.50,1.25
2015.03.04 22:22:55.975,1.10812,1.10819,2.25,1.25
2015.03.04 22:22:56.278,1.10812,1.10817,1.50,1.87
2015.03.04 22:23:02.391,1.10812,1.10817,1.50,2.06
2015.03.04 22:23:02.884,1.1081,1.10815,1.50,2.62
2015.03.04 22:23:03.938,1.10813,1.10815,1.00,2.62
2015.03.04 22:23:04.192,1.10813,1.10817,1.50,1.69
2015.03.04 22:23:05.896,1.10811,1.10817,1.50,1.50
2015.03.04 22:23:06.413,1.1081,1.10817,1.50,1.50
2015.03.04 22:23:06.858,1.10812,1.10817,1.00,1.50
2015.03.04 22:23:07.161,1.10814,1.10817,1.00,1.00
2015.03.04 22:23:07.364,1.1081,1.10817,1.50,1.50
2015.03.04 22:23:08.168,1.10809,1.10817,2.44,1.50
2015.03.04 22:23:08.674,1.1081,1.10817,1.00,1.50
2015.03.04 22:23:09.282,1.10811,1.10817,1.50,1.50
2015.03.04 22:23:13.272,1.10809,1.10817,2.25,1.50
2015.03.04 22:23:28.913,1.10809,1.10816,1.50,1.00
2015.03.04 22:23:29.928,1.10811,1.10816,1.50,1.00
2015.03.04 22:23:38.596,1.10813,1.10817,1.00,1.25
2015.03.04 22:23:39.101,1.10813,1.10818,1.00,1.00
2015.03.04 22:23:39.612,1.10813,1.10819,1.00,1.87
2015.03.04 22:23:44.549,1.10816,1.1082,1.00,1.31
2015.03.04 22:23:45.811,1.10816,1.1082,1.00,3.00
2015.03.04 22:23:52.496,1.10817,1.1082,1.00,1.87
2015.03.04 22:23:52.648,1.10821,1.10826,1.00,2.70
2015.03.04 22:23:52.699,1.10818,1.10826,1.37,3.00
2015.03.04 22:23:52.851,1.10823,1.10827,1.00,1.00
2015.03.04 22:23:53.901,1.10823,1.10829,1.00,1.69
2015.03.04 22:23:55.320,1.1082,1.10826,2.25,1.00
2015.03.04 22:23:55.423,1.10817,1.10824,2.25,1.00
2015.03.04 22:23:55.525,1.10815,1.10824,2.25,1.00
2015.03.04 22:23:58.380,1.10815,1.10823,1.50,1.00
2015.03.04 22:23:59.891,1.10814,1.10823,1.50,1.00
2015.03.04 22:24:02.041,1.10815,1.10824,5.62,3.00
2015.03.04 22:24:02.092,1.10817,1.10824,6.37,1.50
2015.03.04 22:24:02.396,1.10819,1.10826,1.69,1.50
2015.03.04 22:24:03.321,1.10819,1.10826,4.31,1.50
2015.03.04 22:24:03.892,1.1082,1.10826,1.50,1.50
2015.03.04 22:24:04.986,1.1082,1.10827,1.69,1.20
2015.03.04 22:24:05.290,1.10822,1.10828,1.00,2.59
2015.03.04 22:24:07.164,1.10822,1.10828,1.00,2.59
2015.03.04 22:24:07.718,1.10822,1.10828,1.00,3.34
2015.03.04 22:24:08.324,1.1082,1.10828,2.44,3.34
2015.03.04 22:24:09.068,1.1082,1.10828,1.69,2.59
2015.03.04 22:24:09.588,1.1082,1.10827,1.69,1.20
2015.03.04 22:24:10.429,1.10821,1.10827,1.00,1.20
2015.03.04 22:24:10.530,1.10822,1.10829,1.62,1.25
2015.03.04 22:24:18.370,1.10822,1.10828,1.62,1.50
2015.03.04 22:24:19.039,1.1082,1.10828,8.44,1.50
2015.03.04 22:24:23.240,1.1082,1.10825,11.81,1.00
2015.03.04 22:24:23.392,1.10811,1.10816,1.00,1.50
2015.03.04 22:24:23.893,1.1081,1.10816,1.50,1.50
2015.03.04 22:24:24.949,1.1081,1.10817,1.00,1.00
2015.03.04 22:24:25.511,1.1081,1.10818,1.00,2.25
2015.03.04 22:24:29.240,1.1081,1.10819,1.50,1.00
2015.03.04 22:24:30.636,1.1081,1.10816,1.00,1.00
2015.03.04 22:24:31.855,1.1081,1.10818,1.87,1.69
2015.03.04 22:24:34.715,1.1081,1.10818,2.06,1.50
2015.03.04 22:24:37.205,1.1081,1.10814,1.12,1.00
2015.03.04 22:24:37.306,1.10807,1.10814,1.69,1.00
2015.03.04 22:24:42.735,1.10808,1.10814,1.00,1.00
2015.03.04 22:24:42.786,1.10808,1.10816,1.00,1.50
2015.03.04 22:24:44.730,1.10814,1.10816,1.00,1.00
2015.03.04 22:24:44.782,1.10815,1.10818,1.00,1.50
2015.03.04 22:24:47.901,1.10817,1.10821,1.00,1.50
2015.03.04 22:24:48.003,1.10817,1.10823,1.00,1.50
2015.03.04 22:24:59.163,1.10817,1.10824,1.00,2.44
2015.03.04 22:25:02.954,1.10817,1.10823,1.00,1.00
2015.03.04 22:25:06.994,1.10817,1.10822,1.00,1.50
2015.03.04 22:25:22.286,1.10818,1.10822,1.00,1.50
2015.03.04 22:25:22.438,1.10818,1.10824,1.12,1.69
2015.03.04 22:25:24.271,1.10818,1.10821,1.12,1.50
2015.03.04 22:25:24.815,1.10817,1.10821,1.00,1.50
2015.03.04 22:25:27.708,1.10815,1.10821,1.00,1.50
2015.03.04 22:25:28.253,1.10814,1.10819,1.00,1.00
2015.03.04 22:25:28.556,1.10813,1.10815,1.00,1.00
2015.03.04 22:25:28.607,1.10807,1.10815,1.25,1.50
2015.03.04 22:25:28.860,1.10807,1.10813,1.25,1.00
2015.03.04 22:25:29.503,1.10807,1.10812,1.00,1.50
2015.03.04 22:25:43.694,1.10807,1.10811,1.00,1.00
2015.03.04 22:25:44.227,1.10806,1.10811,1.50,1.00
2015.03.04 22:25:52.482,1.10806,1.1081,1.00,1.00
2015.03.04 22:25:52.584,1.10804,1.1081,1.25,1.50
2015.03.04 22:25:53.119,1.10804,1.10809,1.25,1.50
2015.03.04 22:26:02.021,1.10805,1.10809,1.00,1.50
2015.03.04 22:26:11.318,1.10806,1.10809,1.00,1.50
2015.03.04 22:26:28.419,1.10808,1.10812,1.00,1.00
2015.03.04 22:26:28.523,1.10805,1.10812,2.44,1.50
2015.03.04 22:26:30.117,1.10805,1.10812,1.31,1.50
2015.03.04 22:26:48.928,1.10805,1.10811,1.25,1.00
2015.03.04 22:26:49.978,1.10805,1.1081,1.25,1.00
2015.03.04 22:26:50.570,1.10804,1.1081,1.00,1.50
2015.03.04 22:27:02.782,1.10806,1.1081,1.00,1.50
2015.03.04 22:27:05.719,1.10806,1.10813,1.69,1.00
2015.03.04 22:27:05.772,1.10808,1.10814,1.00,1.00
2015.03.04 22:27:06.201,1.1081,1.10815,4.69,1.00
2015.03.04 22:27:06.251,1.1081,1.10818,4.69,1.69
2015.03.04 22:27:06.981,1.1081,1.10818,3.94,1.50
2015.03.04 22:27:12.857,1.1082,1.10825,1.00,1.50
2015.03.04 22:27:13.637,1.1082,1.10824,1.12,1.00
2015.03.04 22:27:13.790,1.1082,1.10826,1.12,1.00
2015.03.04 22:27:14.419,1.10819,1.10825,1.37,1.00
2015.03.04 22:27:16.982,1.1082,1.10826,1.12,1.69
2015.03.04 22:27:17.590,1.1082,1.10825,1.00,1.00
2015.03.04 22:27:20.536,1.10819,1.10825,1.37,2.44
2015.03.04 22:27:20.638,1.10815,1.10821,2.25,1.37
2015.03.04 22:27:20.689,1.10813,1.1082,1.00,1.12
2015.03.04 22:27:20.740,1.10811,1.10818,1.00,1.00
2015.03.04 22:27:20.942,1.10809,1.10818,1.00,1.50
2015.03.04 22:27:22.811,1.10809,1.10817,1.00,1.00
2015.03.04 22:27:23.417,1.10809,1.10818,1.00,1.50
2015.03.04 22:27:25.543,1.10809,1.10817,1.00,1.50
2015.03.04 22:27:28.641,1.10809,1.10816,1.00,1.00
2015.03.04 22:27:38.484,1.10809,1.10817,1.00,2.25
2015.03.04 22:27:40.034,1.10809,1.10817,1.00,2.44
2015.03.04 22:27:42.370,1.10809,1.10817,1.00,2.44
2015.03.04 22:27:50.447,1.10809,1.10817,1.00,2.44
2015.03.04 22:27:53.165,1.10809,1.10817,1.00,2.25
2015.03.04 22:28:00.814,1.10809,1.10815,1.00,1.50
2015.03.04 22:28:03.998,1.1081,1.10815,1.00,1.50
2015.03.04 22:28:17.747,1.1081,1.10816,1.00,1.00
2015.03.04 22:28:34.586,1.10812,1.10816,1.00,1.00
2015.03.04 22:28:37.932,1.10812,1.10815,1.00,1.00
2015.03.04 22:28:45.406,1.10812,1.10816,1.00,1.50
2015.03.04 22:28:46.067,1.10812,1.10817,1.00,1.50
2015.03.04 22:28:46.588,1.10811,1.10818,1.50,1.50
2015.03.04 22:28:57.726,1.1081,1.10818,2.25,1.50
2015.03.04 22:29:04.401,1.10811,1.10818,1.00,1.50
2015.03.04 22:29:06.891,1.10811,1.10817,1.00,1.50
2015.03.04 22:29:16.941,1.10811,1.10818,1.50,1.00
2015.03.04 22:29:25.322,1.10812,1.10819,1.50,1.65
2015.03.04 22:29:34.654,1.10812,1.10818,2.25,1.00
2015.03.04 22:29:51.755,1.10811,1.10818,3.00,1.00
2015.03.04 22:29:54.920,1.10811,1.10815,1.00,1.00
2015.03.04 22:29:57.429,1.10809,1.10812,1.00,1.00
2015.03.04 22:29:57.633,1.10805,1.10809,4.69,1.50
2015.03.04 22:29:57.684,1.10805,1.10809,4.69,1.50
2015.03.04 22:30:01.486,1.1081,1.10812,1.00,1.50
2015.03.04 22:30:04.819,1.10809,1.10811,1.00,1.00
2015.03.04 22:30:13.709,1.10808,1.10809,1.00,1.50
2015.03.04 22:30:33.828,1.10807,1.10809,1.00,1.50
2015.03.04 22:30:41.761,1.10806,1.10809,1.00,1.50
2015.03.04 22:30:43.784,1.10806,1.1081,1.00,1.50
2015.03.04 22:30:45.723,1.10807,1.1081,1.00,1.50
2015.03.04 22:30:51.044,1.10806,1.1081,1.00,1.50
2015.03.04 22:31:01.766,1.10807,1.1081,1.00,1.50
2015.03.04 22:31:24.071,1.10807,1.1081,1.00,1.50
2015.03.04 22:31:39.262,1.10803,1.10806,1.50,1.50
2015.03.04 22:31:39.365,1.10801,1.10806,1.00,1.00
2015.03.04 22:31:39.569,1.10805,1.10806,1.00,1.00
2015.03.04 22:31:39.621,1.10805,1.10809,1.00,1.00
2015.03.04 22:31:40.798,1.10805,1.1081,1.00,2.25
2015.03.04 22:31:44.773,1.10804,1.1081,1.00,1.50
2015.03.04 22:31:59.003,1.10804,1.10811,1.50,1.00
2015.03.04 22:32:01.510,1.10808,1.10811,1.00,1.00
2015.03.04 22:32:03.481,1.10808,1.10811,1.00,1.00
2015.03.04 22:32:04.040,1.10806,1.1081,1.50,1.50
2015.03.04 22:32:08.745,1.10806,1.10809,1.00,1.50
2015.03.04 22:32:08.846,1.10803,1.10808,1.50,1.00
2015.03.04 22:32:16.673,1.10804,1.10809,1.00,3.75
2015.03.04 22:32:23.068,1.10803,1.10808,1.50,1.00
2015.03.04 22:33:16.678,1.10803,1.10807,1.00,1.00
2015.03.04 22:33:16.781,1.108,1.10802,1.00,1.00
2015.03.04 22:33:16.833,1.10798,1.10802,2.25,1.00
2015.03.04 22:33:16.985,1.10795,1.10801,1.50,1.00
2015.03.04 22:33:17.571,1.10794,1.10801,1.50,1.00
2015.03.04 22:33:18.263,1.10794,1.108,1.50,1.00
2015.03.04 22:33:18.769,1.10793,1.108,2.25,1.50
2015.03.04 22:33:19.273,1.10793,1.10801,2.25,3.22
2015.03.04 22:33:20.204,1.10793,1.108,2.25,1.00
2015.03.04 22:33:24.532,1.10791,1.10798,2.25,1.00
2015.03.04 22:33:25.083,1.10791,1.10796,2.25,1.00
2015.03.04 22:33:25.285,1.10787,1.10793,1.00,1.50
2015.03.04 22:33:25.488,1.10788,1.10791,1.00,1.50
2015.03.04 22:33:25.589,1.10787,1.10793,1.00,1.00
2015.03.04 22:33:25.842,1.10788,1.10796,1.50,4.12
2015.03.04 22:33:25.893,1.10791,1.10796,1.50,2.62
2015.03.04 22:33:26.196,1.10794,1.10795,1.50,1.12
2015.03.04 22:33:27.143,1.10794,1.10798,1.50,1.00
2015.03.04 22:33:27.200,1.10792,1.10798,1.50,1.00
2015.03.04 22:33:27.402,1.10794,1.108,1.50,2.44
2015.03.04 22:33:27.942,1.10795,1.108,1.50,2.44
2015.03.04 22:33:30.342,1.10795,1.10799,1.50,1.00
2015.03.04 22:33:31.549,1.10795,1.10798,1.50,1.00
2015.03.04 22:33:32.075,1.10795,1.10799,1.50,1.00
2015.03.04 22:33:32.612,1.10795,1.10797,1.50,1.00
2015.03.04 22:33:32.713,1.10793,1.10797,1.00,1.00
2015.03.04 22:33:33.217,1.10792,1.10797,2.25,1.00
2015.03.04 22:33:33.695,1.10794,1.10797,1.00,1.00
2015.03.04 22:33:34.234,1.10794,1.10798,1.00,1.87
2015.03.04 22:33:48.331,1.10793,1.10796,1.50,1.00
2015.03.04 22:33:48.843,1.10793,1.10796,1.50,1.37
2015.03.04 22:33:50.568,1.10792,1.10795,1.50,1.00
2015.03.04 22:33:56.764,1.10792,1.10796,1.50,1.00
2015.03.04 22:34:05.305,1.10795,1.10798,1.00,1.30
2015.03.04 22:34:05.812,1.10794,1.10797,1.50,1.00
2015.03.04 22:34:06.318,1.10795,1.10799,1.50,3.60
2015.03.04 22:34:07.173,1.10796,1.10799,1.00,3.60
2015.03.04 22:34:07.676,1.10796,1.10799,1.00,2.62
2015.03.04 22:34:08.272,1.10795,1.10799,1.00,2.62
2015.03.04 22:34:09.191,1.10796,1.10799,1.00,2.62
2015.03.04 22:34:33.679,1.10798,1.108,1.00,1.12
2015.03.04 22:34:34.230,1.10799,1.10801,1.50,1.00
2015.03.04 22:34:34.795,1.10799,1.10802,1.50,1.50
2015.03.04 22:34:37.477,1.10801,1.10804,1.00,1.60
2015.03.04 22:34:38.071,1.10801,1.10804,1.00,1.14
2015.03.04 22:34:38.582,1.10801,1.10804,1.00,1.10
2015.03.04 22:34:39.708,1.10801,1.10804,1.00,1.14
2015.03.04 22:34:40.253,1.10801,1.10805,1.00,2.08
2015.03.04 22:34:42.157,1.10801,1.10805,1.00,2.08
2015.03.04 22:34:42.492,1.10803,1.10805,1.00,1.98
2015.03.04 22:34:48.031,1.10803,1.10805,1.00,1.12
2015.03.04 22:34:48.334,1.10803,1.10807,1.00,1.00
2015.03.04 22:34:48.880,1.10804,1.10808,1.50,1.00
2015.03.04 22:34:54.473,1.10804,1.10807,1.50,1.00
2015.03.04 22:34:54.877,1.10801,1.10805,1.50,1.00
2015.03.04 22:34:56.492,1.10802,1.10807,1.00,1.00
2015.03.04 22:34:57.011,1.10803,1.10807,1.50,1.00
2015.03.04 22:34:59.754,1.10804,1.10807,1.00,1.00
2015.03.04 22:35:00.289,1.10803,1.10806,1.50,1.00
2015.03.04 22:35:07.479,1.10801,1.10806,2.25,1.00
2015.03.04 22:35:08.283,1.10802,1.10805,1.00,1.00
2015.03.04 22:35:08.384,1.10804,1.10806,1.00,1.00
2015.03.04 22:35:08.435,1.10804,1.10809,1.00,2.44
2015.03.04 22:35:08.946,1.10805,1.10809,1.50,1.00
2015.03.04 22:35:09.482,1.10805,1.10812,1.50,1.56
2015.03.04 22:35:09.793,1.10805,1.10812,1.50,1.00
2015.03.04 22:35:10.406,1.10805,1.10811,1.50,1.00
2015.03.04 22:35:10.508,1.10802,1.1081,1.50,1.50
2015.03.04 22:35:11.533,1.10803,1.1081,1.00,1.50
2015.03.04 22:35:11.635,1.10804,1.10812,2.25,1.50
2015.03.04 22:35:12.559,1.10806,1.10814,1.50,1.50
2015.03.04 22:35:12.864,1.10805,1.10811,2.25,1.00
2015.03.04 22:35:19.344,1.10806,1.10812,1.00,1.00
2015.03.04 22:35:22.697,1.10806,1.1081,1.50,1.00
2015.03.04 22:35:22.849,1.10803,1.10809,2.25,1.00
2015.03.04 22:35:23.508,1.10802,1.10809,2.25,1.00
2015.03.04 22:35:27.703,1.10804,1.1081,1.50,1.19
2015.03.04 22:35:27.805,1.10804,1.10811,2.25,1.00
2015.03.04 22:35:29.990,1.10803,1.10811,2.25,3.00
2015.03.04 22:35:31.132,1.10805,1.10811,1.50,1.00
2015.03.04 22:35:32.846,1.10806,1.10811,1.00,1.00
2015.03.04 22:35:33.351,1.10807,1.10812,2.25,1.00
2015.03.04 22:35:34.080,1.10806,1.10811,2.25,1.00
2015.03.04 22:35:35.094,1.10805,1.1081,3.00,1.00
2015.03.04 22:36:06.098,1.10803,1.1081,1.50,1.00
2015.03.04 22:36:09.015,1.10805,1.1081,1.00,1.00
2015.03.04 22:36:19.036,1.10804,1.10809,1.00,1.00
2015.03.04 22:36:34.048,1.10803,1.10808,2.25,1.00
2015.03.04 22:36:57.924,1.10804,1.10809,1.00,1.00
2015.03.04 22:37:03.638,1.10803,1.10808,1.00,1.00
2015.03.04 22:37:04.295,1.10802,1.10807,1.50,1.00
2015.03.04 22:37:20.426,1.10803,1.10808,1.00,1.00
2015.03.04 22:37:39.763,1.10804,1.10809,1.00,1.00
2015.03.04 22:37:40.317,1.10805,1.1081,1.00,1.00
2015.03.04 22:37:45.394,1.10804,1.10809,1.00,1.00
2015.03.04 22:37:46.080,1.10805,1.1081,1.00,1.00
2015.03.04 22:37:53.707,1.10804,1.10809,1.00,1.00
2015.03.04 22:37:55.596,1.10805,1.10809,1.00,1.00
2015.03.04 22:37:56.232,1.10805,1.1081,1.50,1.00
2015.03.04 22:38:22.990,1.10807,1.1081,1.00,1.00
2015.03.04 22:38:23.345,1.10804,1.1081,2.25,1.00
2015.03.04 22:38:28.768,1.10804,1.10811,2.25,1.00
2015.03.04 22:38:30.572,1.10804,1.1081,2.25,1.00
2015.03.04 22:38:31.079,1.10804,1.10809,2.25,1.00
2015.03.04 22:38:31.585,1.10804,1.10808,1.50,1.00
2015.03.04 22:38:39.656,1.10804,1.10809,1.50,1.00
2015.03.04 22:38:40.867,1.10804,1.10808,1.50,1.00
2015.03.04 22:38:41.470,1.10804,1.1081,2.25,1.12
2015.03.04 22:38:41.773,1.10804,1.10808,2.25,1.00
2015.03.04 22:38:42.299,1.10804,1.10809,3.00,1.00
2015.03.04 22:38:44.523,1.10804,1.10808,1.50,1.00
2015.03.04 22:39:00.977,1.10806,1.10808,1.00,1.00
2015.03.04 22:39:01.028,1.10806,1.1081,1.50,1.00
2015.03.04 22:39:22.024,1.10805,1.1081,2.25,1.00
2015.03.04 22:39:23.161,1.10805,1.10809,1.50,1.00
2015.03.04 22:39:48.727,1.10805,1.1081,1.50,1.00
2015.03.04 22:39:54.354,1.10806,1.1081,1.00,1.00
2015.03.04 22:40:06.244,1.10805,1.1081,1.00,1.00
2015.03.04 22:40:06.347,1.10804,1.10807,1.00,1.00
2015.03.04 22:40:06.908,1.10803,1.10807,1.50,1.00
2015.03.04 22:40:08.133,1.10803,1.10808,2.25,1.00
2015.03.04 22:40:14.942,1.10803,1.10807,1.50,1.00
2015.03.04 22:40:17.195,1.10803,1.10808,2.25,1.00
2015.03.04 22:40:20.046,1.10803,1.10807,1.50,1.00
2015.03.04 22:40:27.026,1.10802,1.10807,2.25,1.00
2015.03.04 22:40:36.161,1.10803,1.10807,1.00,1.00
2015.03.04 22:40:53.975,1.10802,1.10807,2.25,1.00
2015.03.04 22:41:14.208,1.10804,1.10807,1.00,1.00
2015.03.04 22:41:16.716,1.10803,1.10807,1.00,1.00
2015.03.04 22:41:17.513,1.10802,1.10807,1.50,1.00
2015.03.04 22:41:24.960,1.10803,1.10807,1.00,1.00
2015.03.04 22:41:27.315,1.10803,1.10808,2.25,1.00
2015.03.04 22:41:27.843,1.10804,1.10809,2.25,1.00
2015.03.04 22:41:47.935,1.10805,1.1081,1.00,1.87
2015.03.04 22:41:48.450,1.10806,1.1081,1.50,1.12
2015.03.04 22:41:49.126,1.10806,1.10811,1.50,1.12
2015.03.04 22:41:49.790,1.10807,1.1081,1.50,1.12
2015.03.04 22:41:50.637,1.10808,1.1081,1.00,1.12
2015.03.04 22:41:54.791,1.10808,1.10811,1.00,1.12
2015.03.04 22:41:55.301,1.10808,1.1081,1.00,1.12
2015.03.04 22:41:55.957,1.10807,1.1081,1.00,1.12
2015.03.04 22:41:57.184,1.10807,1.10811,1.00,1.12
2015.03.04 22:41:58.501,1.10807,1.1081,1.00,1.12
2015.03.04 22:42:03.269,1.10807,1.10811,1.00,1.12
2015.03.04 22:42:03.978,1.10807,1.1081,1.00,1.12
2015.03.04 22:42:04.719,1.10807,1.10811,1.00,1.12
2015.03.04 22:42:05.242,1.10807,1.1081,1.00,1.12
2015.03.04 22:42:06.313,1.10807,1.10811,1.00,1.12
2015.03.04 22:42:07.291,1.10806,1.1081,3.75,1.12
2015.03.04 22:42:07.906,1.10806,1.10811,3.75,1.12
2015.03.04 22:42:08.478,1.10806,1.1081,3.75,1.12
2015.03.04 22:42:10.699,1.10806,1.10811,3.00,1.12
2015.03.04 22:42:12.240,1.10806,1.1081,3.00,1.12
2015.03.04 22:42:12.912,1.10806,1.10811,3.00,1.12
2015.03.04 22:42:13.479,1.10806,1.1081,3.00,1.12
2015.03.04 22:42:14.587,1.10806,1.10811,3.00,1.12
2015.03.04 22:42:15.224,1.10806,1.1081,3.00,1.12
2015.03.04 22:42:18.873,1.10807,1.1081,1.00,1.12
2015.03.04 22:42:21.568,1.10807,1.10812,1.00,1.00
2015.03.04 22:42:22.097,1.10808,1.10813,2.25,1.00
2015.03.04 22:42:22.602,1.10807,1.10812,3.00,1.00
2015.03.04 22:42:28.782,1.10807,1.10814,1.50,2.25
2015.03.04 22:42:33.959,1.1081,1.10815,1.50,1.87
2015.03.04 22:42:40.251,1.10811,1.10816,1.50,1.58
2015.03.04 22:42:42.912,1.1081,1.10815,4.12,1.00
2015.03.04 22:42:43.223,1.1081,1.10813,1.00,1.00
2015.03.04 22:42:43.274,1.10808,1.10813,1.50,1.00
2015.03.04 22:43:00.076,1.10809,1.10814,1.00,2.25
2015.03.04 22:43:02.458,1.10808,1.10813,1.50,1.00
2015.03.04 22:44:03.575,1.10809,1.10814,1.00,2.25
2015.03.04 22:44:09.372,1.10808,1.10813,1.00,1.00
2015.03.04 22:44:18.118,1.10809,1.10813,1.00,1.00
2015.03.04 22:44:18.623,1.10809,1.10814,1.50,1.00
2015.03.04 22:44:19.402,1.10809,1.10813,1.00,1.00
2015.03.04 22:44:29.665,1.10808,1.10813,1.50,2.25
2015.03.04 22:45:35.342,1.10808,1.1081,1.12,1.00
2015.03.04 22:45:35.443,1.10808,1.10812,1.87,1.00
2015.03.04 22:45:35.956,1.10808,1.10813,1.87,2.25
2015.03.04 22:45:36.464,1.10807,1.10812,1.00,1.00
2015.03.04 22:45:58.031,1.10807,1.10812,1.37,1.00
2015.03.04 22:45:58.082,1.10809,1.10814,1.50,1.50
2015.03.04 22:46:20.836,1.10808,1.10813,1.50,1.50
2015.03.04 22:46:27.326,1.10807,1.10812,1.87,1.00
2015.03.04 22:47:00.734,1.10808,1.10813,1.00,1.50
2015.03.04 22:48:02.007,1.10807,1.10812,1.00,1.00
2015.03.04 22:48:02.109,1.10807,1.10812,1.00,1.37
2015.03.04 22:48:03.390,1.10806,1.10811,1.00,1.37
2015.03.04 22:48:04.337,1.10806,1.10811,1.00,1.12
2015.03.04 22:48:04.843,1.10806,1.1081,1.00,1.12
2015.03.04 22:48:06.755,1.10805,1.10809,2.25,1.00
2015.03.04 22:48:06.907,1.10801,1.10806,3.75,1.00
2015.03.04 22:48:07.867,1.108,1.10805,1.50,1.00
2015.03.04 22:48:07.920,1.10798,1.10803,1.50,1.00
2015.03.04 22:48:08.021,1.10797,1.10805,2.25,1.50
2015.03.04 22:48:08.253,1.10797,1.10805,1.50,1.50
2015.03.04 22:48:09.486,1.10797,1.10804,1.50,1.03
2015.03.04 22:48:09.587,1.10795,1.10802,1.50,1.50
2015.03.04 22:48:10.625,1.10794,1.10802,1.50,1.50
2015.03.04 22:48:11.087,1.10793,1.108,1.00,1.50
2015.03.04 22:48:13.554,1.10793,1.10801,1.50,1.12
2015.03.04 22:48:14.177,1.10795,1.108,1.50,1.15
2015.03.04 22:48:14.278,1.10793,1.108,3.00,1.15
2015.03.04 22:48:16.592,1.10792,1.108,2.25,4.17
2015.03.04 22:48:16.925,1.10793,1.10798,1.00,1.00
2015.03.04 22:48:17.433,1.10792,1.10797,1.00,1.00
2015.03.04 22:48:17.635,1.10791,1.10799,2.25,2.27
2015.03.04 22:48:18.671,1.10793,1.10799,1.00,1.03
2015.03.04 22:48:18.772,1.10791,1.10798,2.25,1.03
2015.03.04 22:48:22.486,1.10791,1.10799,1.50,3.02
2015.03.04 22:48:22.734,1.10792,1.10797,1.00,1.00
2015.03.04 22:48:23.971,1.10791,1.10797,1.50,1.03
2015.03.04 22:48:26.149,1.10792,1.10795,1.00,1.03
2015.03.04 22:48:26.301,1.1079,1.10795,1.50,1.54
2015.03.04 22:48:27.656,1.10789,1.10794,2.25,1.03
2015.03.04 22:48:27.758,1.10792,1.10796,1.00,1.40
2015.03.04 22:48:28.212,1.10792,1.10797,1.50,1.00
2015.03.04 22:48:28.746,1.10792,1.10798,1.50,1.87
2015.03.04 22:48:29.570,1.10793,1.10798,2.25,2.62
2015.03.04 22:48:30.874,1.10794,1.10799,1.50,1.00
2015.03.04 22:48:31.391,1.10795,1.108,2.25,1.00
2015.03.04 22:48:31.903,1.10796,1.10801,1.00,1.50
2015.03.04 22:48:35.583,1.10795,1.108,3.37,1.00
2015.03.04 22:48:37.576,1.10796,1.10801,1.00,1.50
2015.03.04 22:48:39.534,1.10796,1.108,2.25,1.00
2015.03.04 22:48:39.787,1.10798,1.108,1.50,1.00
2015.03.04 22:48:40.091,1.10796,1.10801,2.25,1.00
2015.03.04 22:48:40.628,1.10796,1.108,3.00,1.00
2015.03.04 22:48:40.731,1.10796,1.10802,2.25,1.58
2015.03.04 22:48:40.782,1.10796,1.10799,1.50,1.00
2015.03.04 22:48:41.085,1.10796,1.10801,1.00,1.00
2015.03.04 22:48:41.614,1.10795,1.108,2.25,1.00
2015.03.04 22:48:52.128,1.10796,1.108,1.00,1.00
2015.03.04 22:48:53.452,1.10796,1.10801,2.25,1.50
2015.03.04 22:48:54.022,1.10797,1.10802,1.00,2.33
2015.03.04 22:48:54.537,1.10797,1.10801,2.25,1.00
2015.03.04 22:48:55.849,1.10796,1.10801,2.25,1.00
2015.03.04 22:48:56.363,1.10797,1.108,1.50,1.00
2015.03.04 22:48:56.875,1.10796,1.10801,2.25,1.50
2015.03.04 22:48:57.387,1.10797,1.10802,2.25,1.96
2015.03.04 22:49:02.202,1.10797,1.10801,2.25,1.00
2015.03.04 22:49:03.940,1.10797,1.108,1.00,1.00
2015.03.04 22:49:04.345,1.10799,1.10802,1.00,1.00
2015.03.04 22:49:04.395,1.108,1.10804,1.12,2.32
2015.03.04 22:49:04.919,1.10799,1.10804,2.25,1.50
2015.03.04 22:49:12.043,1.10798,1.10804,1.50,1.00
2015.03.04 22:49:16.935,1.10799,1.10804,1.00,1.50
2015.03.04 22:50:23.845,1.10797,1.10802,3.37,1.00
2015.03.04 22:50:24.047,1.10798,1.10804,2.25,1.00
2015.03.04 22:50:24.565,1.10799,1.10804,1.50,1.00
2015.03.04 22:50:30.114,1.108,1.10804,1.00,1.00
2015.03.04 22:50:30.637,1.10799,1.10804,1.00,1.50
2015.03.04 22:50:33.202,1.108,1.10804,1.00,1.50
2015.03.04 22:50:33.817,1.10799,1.10804,2.62,1.50
2015.03.04 22:50:34.454,1.10801,1.10806,1.00,1.50
2015.03.04 22:50:37.316,1.10803,1.10807,1.00,1.00
2015.03.04 22:50:37.468,1.10804,1.10809,1.00,3.00
2015.03.04 22:50:47.198,1.10802,1.10809,1.50,1.00
2015.03.04 22:50:47.250,1.10802,1.10806,1.50,1.12
2015.03.04 22:50:47.301,1.108,1.10806,1.00,1.12
2015.03.04 22:50:47.352,1.108,1.10803,1.00,1.00
2015.03.04 22:50:47.453,1.10796,1.108,1.12,1.00
2015.03.04 22:50:47.554,1.10798,1.108,1.00,1.00
2015.03.04 22:50:48.159,1.10799,1.10801,1.00,1.00
2015.03.04 22:50:49.003,1.10798,1.10801,1.00,1.00
2015.03.04 22:50:54.750,1.10798,1.10802,1.00,1.50
2015.03.04 22:50:55.266,1.10797,1.10802,1.00,1.00
2015.03.04 22:50:55.698,1.108,1.10802,1.00,1.00
2015.03.04 22:50:55.749,1.10802,1.10805,1.00,3.37
2015.03.04 22:50:55.850,1.10802,1.10807,1.00,3.00
2015.03.04 22:51:00.239,1.10803,1.10807,1.00,1.50
2015.03.04 22:51:00.848,1.10802,1.10807,1.50,1.50
2015.03.04 22:51:20.742,1.10803,1.10807,2.62,1.00
2015.03.04 22:51:21.248,1.10804,1.10808,2.62,1.00
2015.03.04 22:51:43.778,1.10804,1.10809,1.50,1.50
2015.03.04 22:51:49.610,1.10806,1.1081,1.00,2.25
2015.03.04 22:51:50.115,1.10806,1.10811,1.00,1.00
2015.03.04 22:51:58.732,1.10807,1.10811,1.00,1.00
2015.03.04 22:51:59.348,1.10807,1.10812,1.50,3.00
2015.03.04 22:52:08.428,1.10806,1.10811,2.25,1.00
2015.03.04 22:52:13.877,1.10806,1.1081,1.50,1.50
2015.03.04 22:52:18.560,1.10806,1.10808,1.50,1.00
2015.03.04 22:52:18.813,1.10805,1.1081,1.50,2.25
2015.03.04 22:52:19.636,1.10806,1.1081,1.00,2.25
2015.03.04 22:52:21.281,1.10807,1.1081,1.00,1.00
2015.03.04 22:52:21.332,1.10807,1.10812,1.00,4.12
2015.03.04 22:52:31.089,1.10807,1.10811,1.00,1.50
2015.03.04 22:52:32.897,1.10806,1.10811,1.50,2.25
2015.03.04 22:52:39.725,1.10806,1.1081,1.50,1.00
2015.03.04 22:52:46.976,1.10807,1.1081,1.00,1.50
2015.03.04 22:52:49.226,1.10806,1.1081,1.50,1.50
2015.03.04 22:52:59.957,1.10806,1.10811,1.00,2.25
2015.03.04 22:53:19.838,1.10805,1.1081,1.00,1.00
2015.03.04 22:53:20.548,1.10806,1.10811,1.00,2.25
2015.03.04 22:53:31.394,1.10805,1.1081,1.00,1.00
2015.03.04 22:53:45.323,1.10806,1.10811,1.00,3.75
2015.03.04 22:53:46.200,1.10805,1.10811,1.00,3.75
2015.03.04 22:53:46.707,1.10805,1.1081,1.00,1.00
2015.03.04 22:54:06.228,1.10806,1.10811,1.00,2.25
2015.03.04 22:54:28.178,1.10805,1.1081,1.50,1.00
2015.03.04 22:54:50.174,1.10806,1.10811,1.00,1.50
2015.03.04 22:54:51.994,1.10807,1.10811,1.00,1.00
2015.03.04 22:55:02.450,1.10807,1.1081,1.00,1.00
2015.03.04 22:55:03.000,1.10806,1.1081,1.00,1.50
2015.03.04 22:55:08.864,1.10803,1.10808,1.00,2.25
2015.03.04 22:55:14.256,1.10804,1.10808,1.00,1.00
2015.03.04 22:55:14.785,1.10804,1.10809,1.00,2.25
2015.03.04 22:55:17.570,1.10803,1.10808,1.00,1.00
2015.03.04 22:55:31.696,1.10803,1.10807,1.00,1.00
2015.03.04 22:55:40.393,1.10802,1.10805,1.00,1.50
2015.03.04 22:55:41.344,1.10801,1.10805,1.00,1.50
2015.03.04 22:55:42.224,1.10801,1.10804,1.00,1.50
2015.03.04 22:55:43.311,1.108,1.10804,4.12,1.50
2015.03.04 22:55:44.044,1.108,1.10803,4.12,1.50
2015.03.04 22:55:49.227,1.108,1.10803,4.50,1.50
2015.03.04 22:55:50.473,1.10801,1.10804,1.37,1.50
2015.03.04 22:55:56.419,1.10801,1.10803,1.37,1.00
2015.03.04 22:56:04.423,1.10801,1.10803,1.00,1.50
2015.03.04 22:56:04.766,1.1081,1.10812,1.50,2.10
2015.03.04 22:56:04.816,1.10811,1.10812,1.12,1.50
2015.03.04 22:56:04.918,1.10808,1.1081,1.50,1.00
2015.03.04 22:56:05.019,1.10805,1.1081,1.00,2.25
2015.03.04 22:56:05.845,1.10807,1.1081,1.00,1.50
2015.03.04 22:56:06.952,1.10807,1.10811,1.50,2.25
2015.03.04 22:56:11.916,1.10808,1.10811,1.00,2.25
2015.03.04 22:56:48.701,1.10807,1.10811,1.50,1.12
2015.03.04 22:57:20.951,1.10807,1.10812,1.00,1.87
2015.03.04 22:57:38.798,1.10807,1.10811,1.00,1.12
2015.03.04 22:57:46.948,1.10808,1.10811,1.00,1.12
2015.03.04 22:57:51.251,1.10808,1.10812,1.00,1.12
2015.03.04 22:57:52.549,1.10808,1.10811,1.00,1.12
2015.03.04 22:57:54.067,1.10808,1.10812,1.00,1.12
2015.03.04 22:57:54.609,1.10808,1.10813,1.00,1.50
2015.03.04 22:57:56.294,1.10807,1.10812,1.00,1.00
2015.03.04 22:58:17.580,1.10808,1.10814,1.75,2.25
2015.03.04 22:58:17.631,1.10811,1.10814,1.37,1.00
2015.03.04 22:58:18.160,1.10811,1.10815,1.37,1.50
2015.03.04 22:58:33.278,1.10811,1.10816,1.87,1.50
2015.03.04 22:58:50.682,1.10812,1.10817,1.87,1.00
2015.03.04 22:59:10.653,1.10812,1.10816,1.12,1.00
2015.03.04 22:59:19.619,1.10812,1.10817,1.87,1.50
2015.03.04 22:59:23.753,1.10812,1.10818,3.37,1.87
2015.03.04 22:59:24.273,1.10812,1.10817,4.12,1.00
2015.03.04 22:59:25.067,1.10812,1.10818,3.37,1.87
2015.03.04 22:59:25.572,1.10812,1.10817,3.37,1.00
2015.03.04 22:59:26.095,1.10812,1.10816,3.37,1.00
2015.03.04 22:59:28.871,1.10812,1.10818,3.37,1.87
2015.03.04 22:59:31.369,1.10811,1.10817,4.12,1.50
2015.03.04 22:59:31.876,1.10812,1.10817,1.00,1.87
2015.03.04 22:59:33.603,1.10811,1.10816,4.87,1.00
2015.03.04 22:59:35.304,1.1081,1.10816,1.12,1.00
2015.03.04 22:59:35.867,1.10811,1.10816,1.00,1.00
2015.03.04 22:59:43.857,1.1081,1.10815,2.25,1.00
2015.03.04 22:59:44.009,1.10808,1.10815,2.25,2.25
2015.03.04 22:59:44.060,1.10808,1.10813,1.50,1.00
2015.03.04 22:59:44.566,1.10807,1.10812,1.00,1.00
2015.03.04 22:59:45.167,1.10806,1.10812,2.25,1.00
2015.03.04 22:59:45.512,1.10808,1.10811,1.00,1.00
2015.03.04 22:59:48.123,1.10806,1.10811,2.25,1.00
2015.03.04 22:59:54.792,1.10806,1.1081,1.00,1.00
2015.03.04 22:59:55.305,1.10806,1.10811,1.00,1.00
2015.03.04 22:59:57.510,1.10805,1.1081,1.50,1.00
2015.03.04 22:59:58.603,1.10805,1.10811,2.25,1.00
2015.03.04 22:59:58.654,1.10809,1.10811,1.00,1.00
2015.03.04 22:59:58.807,1.10812,1.10814,1.00,2.25
2015.03.04 22:59:59.513,1.10812,1.10815,1.00,3.75
2015.03.04 22:59:59.766,1.1081,1.10814,1.50,1.00
2015.03.04 22:59:59.917,1.10809,1.10812,1.00,1.00
